Image Name,Emotional Triggers,Colors,Facial Expression,Text or Symbols,Composition Techniques,Trends/Styles,Imrovements,Created Time
Your Image Name,"Neutral, calm","Dark brown, pink, white","Slight smile, calm eyes",None,"Close-up shot, natural lighting",Casual portrait,Consider a more dynamic pose or angle,4/27/2025 21:41
https://api.tinify.com/output/7133aacjeh77sz689gh3ydmccy83sxrb,Neutral,"Natural skin tones, soft pink","Subtle, contemplative",None,"Close-up, rule of thirds","Casual, natural look",Enhance lighting for better visibility,4/27/2025 21:41
WhatsApp Image 2024-11-14 at 10.40.38_dc2fcce2.jpg,Neutral,"Natural tones, pink, brown",Slight smile,None,Close-up portrait,"Casual, everyday",Consider brighter lighting for a more vibrant look,4/27/2025 21:41
https://api.tinify.com/output/abr92tpxwbmvceypqebh9vtb67h0fwjs,"Joy, nostalgia","Muted tones, green, brown","Smiling, cheerful",None,"Subject in foreground, background elements slightly blurred, natural framing with plants","Vintage, candid","Increase brightness, enhance color saturation",4/27/2025 21:41
https://api.tinify.com/output/abr92tpxwbmvceypqebh9vtb67h0fwjs,"Joy, Nostalgia","Muted tones, Earthy colors","Smiling, Happy",None,"Subject-centered, Depth with background elements","Vintage, Candid photography",Enhance contrast and clarity for better detail,4/27/2025 21:41
https://api.tinify.com/output/qb3rkv2mm0rtx4kf2xteb7wn20pqjyyk,"Professionalism, Productivity, Comfort",Neutral tones with accents of yellow,N/A,N/A,"Symmetrical layout, use of negative space","Modern, Minimalistic, Contemporary office design",Add personal or decorative items for warmth,4/27/2025 21:41
https://api.tinify.com/output/qb3rkv2mm0rtx4kf2xteb7wn20pqjyyk,"Professional, Productive","Yellow, Gray, Brown, Black, White",N/A,N/A,"Symmetry, Balance","Modern Office Design, Minimalism","Add decorative elements for warmth, increase plant diversity",4/27/2025 21:41
https://api.tinify.com/output/b1abg0wzdfjpjnje7yq00p7yk4knw2p1,"Romantic, Intimate, Serene","Vibrant Orange, Soft Pink, Deep Blue, Black Silhouettes","Gentle, Loving, Engaged",None,"Silhouette, Rule of Thirds, Natural Framing","Romantic Photography, Silhouette Portraits",Consider varying the angles for additional depth.,4/27/2025 21:41
https://api.tinify.com/output/qb3rkv2mm0rtx4kf2xteb7wn20pqjyyk,"Calm, Productive, Professional","Neutral tones, Yellow accents, Wood textures",N/A,N/A,"Balanced layout, Symmetry, Use of negative space","Modern minimalist, Open workspace design","Add artwork or decor for personalization, Incorporate more greenery.",4/27/2025 21:41
https://api.tinify.com/output/qb3rkv2mm0rtx4kf2xteb7wn20pqjyyk,"Productivity, professionalism, calmness","Neutral tones, yellows, and natural wood colors",N/A,N/A,"Symmetry, balance, use of negative space","Modern, minimalistic, contemporary office design","Incorporate more greenery, use more dynamic seating arrangements",4/27/2025 21:41
https://api.tinify.com/output/qb3rkv2mm0rtx4kf2xteb7wn20pqjyyk,"Calm, professional, modern","Warm wood tones, neutral walls, splashes of yellow",N/A,N/A,"Balanced layout, symmetry, use of negative space","Contemporary office design, minimalist aesthetic",Add personal touches like artwork or plants for warmth,4/27/2025 21:41
https://api.tinify.com/output/qb3rkv2mm0rtx4kf2xteb7wn20pqjyyk,"calm, productivity, professionalism","warm wood tones, yellow accents, neutral gray, white",N/A,N/A,"symmetrical layout, use of negative space, balanced lighting","modern office design, minimalist aesthetic",consider adding personal touches like plants or artwork for warmth,4/27/2025 21:41
https://api.tinify.com/output/qb3rkv2mm0rtx4kf2xteb7wn20pqjyyk,"Modernity, Professionalism, Calmness",Neutral tones with accents of yellow,N/A,N/A,"Symmetry, Balance, Open Space","Minimalism, Contemporary Office Design",Add more decorative elements for a warmer atmosphere,4/27/2025 21:41
https://api.tinify.com/output/qb3rkv2mm0rtx4kf2xteb7wn20pqjyyk,"Productivity, modernity, organization",Neutral tones with accents of yellow,N/A,N/A,"Symmetrical layout, balance of elements",Modern minimalist office design,Introduce more greenery for a more vibrant atmosphere,4/27/2025 21:41
https://api.tinify.com/output/qb3rkv2mm0rtx4kf2xteb7wn20pqjyyk,"Calm, Professionalism, Productivity","Neutral tones, Yellow accents, Wood textures",N/A,N/A,"Symmetrical layout, Use of natural light, Balance between elements","Modern minimalism, Open space design","Incorporate personal touches or art, Add greenery for warmth",4/27/2025 21:44
,,,,,,,,4/27/2025 21:45
https://api.tinify.com/output/qb3rkv2mm0rtx4kf2xteb7wn20pqjyyk,"Calm, Professionalism, Productivity","Neutral tones, Yellow accents, Wood textures",N/A,N/A,"Symmetrical layout, Use of natural light, Balance between elements","Modern minimalism, Open space design","Incorporate personal touches or art, Add greenery for warmth",4/27/2025 21:45
https://api.tinify.com/output/qb3rkv2mm0rtx4kf2xteb7wn20pqjyyk,"Professionalism, Productivity",Neutral tones with accents of yellow,N/A,N/A,"Symmetrical layout, balanced spacing","Modern, minimalist office design","Introduce more greenery for warmth, consider varying seating styles",4/27/2025 21:52
https://api.tinify.com/output/qb3rkv2mm0rtx4kf2xteb7wn20pqjyyk,"Professionalism, Productivity","Warm tones, Yellow, Wood color, Grey",N/A,N/A,"Symmetry, Rule of thirds","Modern, Minimalist","Add elements of personalization, Incorporate more plants for a lively feel",4/27/2025 22:43
https://api.tinify.com/output/qb3rkv2mm0rtx4kf2xteb7wn20pqjyyk,"Professionalism, productivity, modernity","Neutral tones, yellow accents",N/A,N/A,"Symmetry, balanced layout",Contemporary office design,Add more greenery for a warmer atmosphere,4/27/2025 22:46
https://api.tinify.com/output/qb3rkv2mm0rtx4kf2xteb7wn20pqjyyk,"Productivity, professionalism, creativity","Warm tones, yellow accents, neutral background",N/A,N/A,"Symmetry, balance, use of lines","Modern, minimalist, contemporary office design",Add personal touches like artwork or plants for warmth,4/27/2025 22:52
https://api.tinify.com/output/8ntd6qb91whsm95mn8nnse8cfd4gsdpk,"Gratitude, Celebration","Pastel colors, Green, Pink, Gold",N/A,Thank You!,"Centered composition, Use of negative space","Modern botanical, Minimalistic design",Consider adding more decorative elements or texture to enhance visual interest,4/27/2025 22:57
https://api.tinify.com/output/8ntd6qb91whsm95mn8nnse8cfd4gsdpk,"Gratitude, Cheerfulness","Soft pastels, Green, Pink, Gold",N/A,THANK YOU!,"Symmetrical layout, Central focus","Modern minimalist, Elegant",Consider adding more contrast to the background or enhancing the text visibility,4/27/2025 22:57
https://api.tinify.com/output/qb3rkv2mm0rtx4kf2xteb7wn20pqjyyk,"Calm, Professional, Organized","Yellow, Brown, Gray, White, Black",None,None,"Symmetry, Repetition, Contrast","Modern, Minimalist, Functional","Add more personal touches, incorporate greenery.",4/27/2025 23:03
https://api.tinify.com/output/dks2r6hvfgtz9a5dg1sf0h2fpntnxjj2,"strong presence, passion",black and white,"focused, expressive",microphone,"subject centered, use of space",monochrome photography,consider adding color for emotional depth,4/27/2025 23:09
https://api.tinify.com/output/dks2r6hvfgtz9a5dg1sf0h2fpntnxjj2,"strong presence, passion",black and white,"focused, expressive",microphone,"subject centered, use of space",monochrome photography,consider adding color for emotional depth,4/27/2025 23:21
https://api.tinify.com/output/dks2r6hvfgtz9a5dg1sf0h2fpntnxjj2,"strong presence, passion",black and white,"focused, expressive",microphone,"subject centered, use of space",monochrome photography,consider adding color for emotional depth,4/27/2025 23:21
https://api.tinify.com/output/qb3rkv2mm0rtx4kf2xteb7wn20pqjyyk,"Professionalism, Productivity, Innovation","Yellow, Grey, Beige, Black, White",N/A,N/A,"Symmetrical layout, Use of negative space","Modern, Minimalistic, Ergonomic","Add more personal touches, Incorporate greenery for a more inviting atmosphere",4/27/2025 23:22
https://api.tinify.com/output/qb3rkv2mm0rtx4kf2xteb7wn20pqjyyk,"Professionalism, Productivity, Comfort","Yellow, Gray, Wood tones, White",N/A,N/A,"Symmetry, Balance, Open space","Modern, Minimalist, Functional","Add personal touches, Incorporate greenery, Enhance lighting",4/27/2025 23:24
https://api.tinify.com/output/qb3rkv2mm0rtx4kf2xteb7wn20pqjyyk,"Calm, Productive","Warm Wood Tones, White, Gray, Yellow",N/A,N/A,"Symmetry, Use of Negative Space",Modern Office Design,Add Artwork or Decor for a Personal Touch,4/27/2025 23:24
https://api.tinify.com/output/qb3rkv2mm0rtx4kf2xteb7wn20pqjyyk,"Professionalism, Productivity, Comfort",Neutral tones with yellow accents,N/A,N/A,"Balanced layout, use of symmetry","Modern minimalism, office design",Add more decorative elements or personal touches,4/27/2025 23:24
https://api.tinify.com/output/jc3ehm0y0mbpb27nt83kr2zrtattj9tq,Neutral,"Natural tones, soft pink","Slight smile, calm expression",None,"Close-up, centered subject","Casual, everyday style",Enhance lighting for better visibility,4/27/2025 23:28
https://api.tinify.com/output/qb3rkv2mm0rtx4kf2xteb7wn20pqjyyk,"Professionalism, Productivity",Neutral tones with yellow accents,N/A,N/A,"Symmetrical arrangement, balance between furniture and empty space","Modern, Minimalist office design",Add personal touches like art or plants for warmth,4/27/2025 23:33
https://api.tinify.com/output/qb3rkv2mm0rtx4kf2xteb7wn20pqjyyk,"Professional, Productive, Innovative","Warm wood tones, Yellow, Grey, Black, White",N/A,N/A,"Balanced layout, Symmetry, Use of negative space","Modern office design, Minimalist",Add artwork or personal touches to enhance warmth,4/27/2025 23:33
https://api.tinify.com/output/qb3rkv2mm0rtx4kf2xteb7wn20pqjyyk," Professionalism, Creativity, Collaboration","Yellow, Wood, Gray, White",N/A,N/A,"Symmetrical arrangement, Use of negative space","Modern, Minimalist, Open Office Concept","Add more greenery, Utilize artwork for decor",4/27/2025 23:36
https://api.tinify.com/output/b05ggjjzk4a18n0zennv4s7gz0wd3zdm,"Gratitude, Celebration","Green, White, Light Blue",N/A,"Thank You!, Names, Date","Symmetrical arrangement, Central focus","Floral design, Elegant, Minimalist","Increase contrast for readability, Add a border",4/27/2025 23:54
https://api.tinify.com/output/b05ggjjzk4a18n0zennv4s7gz0wd3zdm,"Gratitude, Celebration","Green, White, Light Blue",N/A,"Thank You, Names (Narmada & Dinusha), Date (13th June 2025)","Circular layout, Floral elements, Centered text","Floral design, Minimalist",Increase text contrast for better readability,4/27/2025 23:54
https://api.tinify.com/output/dks2r6hvfgtz9a5dg1sf0h2fpntnxjj2,"Expressive, Engaging",Black and White,"Determined, Passionate",Microphone,"Contrast, Focus on Subject",Monochrome Photography,Incorporate Color for Emotional Impact,4/27/2025 23:59
https://api.tinify.com/output/ydmwryt14vvx6e3fnrxhg0x6t8qp18pe,"Trust, Assurance","Blue, White","Neutral, Focused","CAO, WATER TREATMENT, Special option, Clean Water","Balanced layout, Use of contrast","Modern, Informative advertising","Increase visibility of key message, Enhance visual appeal with additional imagery",4/28/2025 00:00
https://api.tinify.com/output/ydmwryt14vvx6e3fnrxhg0x6t8qp18pe,"Trust, cleanliness, health","Blue, white, orange",N/A,"Brand logo, service information","Centered text, clear focal point","Modern, informative, promotional","Enhance visual contrast, simplify text",4/28/2025 00:01
https://api.tinify.com/output/n9v3cn45t9c92v60z2mtpsk48pe1y0r8,"Innovation, Creativity","Blue, Yellow, Orange, Purple",N/A,"Apexa, Way to Technology","Geometric shapes, Symmetry","Modern, Minimalistic, Flat design",Consider adding a tagline for clarity and enhancing visual contrast,4/28/2025 00:04
https://api.tinify.com/output/m9p3cptyce5p0rgg4w31z4ehr40nd102,"Professionalism, Trust","Purple, White",N/A,"Company name, Consultant title, Address, Registration number","Centered text, Clear hierarchy","Business card design, Minimalistic",Consider using contrasting colors for better visibility,4/28/2025 00:11
https://api.tinify.com/output/c2tg3mh7v52qcqtn3qsrdec3n3e9gm0n,Symbol of education and knowledge,"Red, yellow, green, and black",N/A,University emblem with text in Sinhala,Centralized layout with circular design elements,Traditional academic emblem,Consider modernizing design while retaining symbolism,4/28/2025 00:14
https://api.tinify.com/output/c2tg3mh7v52qcqtn3qsrdec3n3e9gm0n,"Authority, Tradition","Red, Gold, Green",N/A,"University emblem, Lion, Pot",Symmetrical balance,"Formal, Collegiate",Enhance contrast for visibility,4/28/2025 00:18
https://api.tinify.com/output/c2tg3mh7v52qcqtn3qsrdec3n3e9gm0n,"Authority, Tradition, Pride","Red, Gold, Black",N/A,University emblem with symbolic motifs,"Symmetrical design, Central focus","Classic, Academic",Consider modernizing design with a contemporary style or additional color palette,4/28/2025 00:21
https://api.tinify.com/output/j28c15qd6709jrczwtwad1n3w2c08wg9,"Neutral, Professional","Black, Yellow, Skin Tone","Neutral expression, slight seriousness",None,"Centered composition, plain background",Professional headshot style,"More varied facial expression, softer lighting",4/28/2025 00:23
https://api.tinify.com/output/j28c15qd6709jrczwtwad1n3w2c08wg9,Neutral,"Black, Yellow, White","Calm, Serious",None,"Centered, Formal attire",Professional headshot,Enhance lighting for a brighter appearance,4/28/2025 00:27